patient_id,tex_state,ZFP36,ZFP36L1,ZFP36L2,ZC3H12A,RC3H1,RC3H2,PCBP1,ELAVL1,HNRNPLL,TIA1,n_cells
P1,CTL_CD8,2.3352131843566895,1.8094968795776367,2.1102781295776367,0.9223666787147522,0.8015595078468323,0.4500054717063904,1.0264716148376465,0.5067324638366699,0.6256206035614014,0.8353383541107178,49
P1,Term-Tex,2.158597707748413,1.9573949575424194,2.006850004196167,0.9208447337150574,0.9302237033843994,0.597571074962616,1.0885919332504272,0.30991247296333313,1.4928317070007324,0.7648518085479736,85
P1,Tex-int,2.051703453063965,1.7473676204681396,1.9993935823440552,1.0400896072387695,0.958076000213623,0.4348304271697998,0.8126330375671387,0.3411063849925995,0.5136783123016357,0.7146482467651367,55
P1,pre-Tex,2.2594470977783203,1.7250210046768188,2.034477710723877,0.8958298563957214,0.7144838571548462,0.4903450012207031,0.559131920337677,0.3576268255710602,0.6095350980758667,0.5492377281188965,40
P6,CTL_CD8,2.11962628364563,1.3540581464767456,1.0825923681259155,0.7045207023620605,1.0114160776138306,0.43519866466522217,1.5491101741790771,0.26194867491722107,0.4056914448738098,0.7073704600334167,81
P6,Term-Tex,2.153553009033203,1.9198228120803833,1.6183925867080688,0.9045767188072205,1.3547228574752808,0.6768450140953064,1.6207245588302612,0.37841832637786865,1.5106247663497925,1.0066508054733276,44
P6,Tex-int,2.0850577354431152,1.516810655593872,1.0425138473510742,0.8830556869506836,1.0855520963668823,0.3907667398452759,1.4116753339767456,0.29468050599098206,0.926134467124939,0.8636623024940491,74
P6,pre-Tex,2.017368793487549,1.3003334999084473,0.9899446964263916,0.6369929909706116,0.865888774394989,0.3770182728767395,1.381690502166748,0.2782093286514282,0.26099830865859985,0.5235689282417297,89
